{"cameraMode":{"drawMode":0,"name":"Shaded","section":"Shading Mode"},"sceneLighting":true,"audioPlay":false,"sceneViewState":{"m_AlwaysRefresh":false,"showFog":true,"showSkybox":true,"showFlares":true,"showImageEffects":true,"showParticleSystems":true,"showVisualEffectGraphs":true,"m_FxEnabled":true},"in2DMode":false,"pivot":{"x":-0.3213728666305542,"y":0.31100940704345705,"z":19.491317749023439},"rotation":{"x":-0.030799606814980508,"y":-0.9689005613327026,"z":0.1856459230184555,"w":-0.16073095798492433},"size":0.5344205498695374,"orthographic":false}