{"cameraMode":{"drawMode":0,"name":"Shaded","section":"Shading Mode"},"sceneLighting":true,"audioPlay":false,"sceneViewState":{"m_AlwaysRefresh":false,"showFog":true,"showSkybox":false,"showFlares":true,"showImageEffects":true,"showParticleSystems":true,"showVisualEffectGraphs":true,"m_FxEnabled":true},"in2DMode":false,"pivot":{"x":-0.12462902069091797,"y":0.7966442108154297,"z":19.827756881713868},"rotation":{"x":0.006096362601965666,"y":-0.9719995260238648,"z":0.23355329036712647,"w":0.02538195438683033},"size":12.12435531616211,"orthographic":false}